Artist,Title,Type,Play Count Total,Play Count 30d,Last Played (UTC),Last Played (Vienna),Source,Confidence
ABBA,Gimme! Gimme! Gimme! (A Man After Midnight),Shared,136,32,2026-09-29 19:16:58Z,2026-09-29 21:16:58 MESZ,Shared Library,1.0
Alfa Mist,Organic Rust,Shared,154,41,2026-09-29 13:24:57Z,2026-09-29 15:24:57 MESZ,Shared Library,1.0
Amy Winehouse,Rehab,Shared,145,32,2026-09-29 18:46:57Z,2026-09-29 20:46:57 MESZ,Shared Library,1.0
Aphex Twin,Windowlicker,Shared,131,12,2026-09-28 08:41:16Z,2026-09-28 10:41:16 MESZ,Shared Library,1.0
Arctic Monkeys,Do I Wanna Know?,Shared,156,34,2026-09-29 20:52:27Z,2026-09-29 22:52:27 MESZ,Shared Library,1.0
Autechre,Clipper,Shared,169,32,2026-09-28 08:02:45Z,2026-09-28 10:02:45 MESZ,Shared Library,1.0
Bachman-Turner Overdrive,Takin' Care Of Business,Shared,109,25,2026-09-24 12:54:41Z,2026-09-24 14:54:41 MESZ,Shared Library,1.0
Backstreet Boys,I Want It That Way,Shared,78,22,2026-09-22 18:52:31Z,2026-09-22 20:52:31 MESZ,Shared Library,1.0
Beastie Boys,Sabotage,Shared,109,24,2026-09-28 15:22:17Z,2026-09-28 17:22:17 MESZ,Shared Library,1.0
Beck,Devils Haircut,Shared,95,13,2026-09-27 15:53:14Z,2026-09-27 17:53:14 MESZ,Shared Library,1.0
Beck,Loser,Shared,76,6,2026-09-29 08:21:26Z,2026-09-29 10:21:26 MESZ,Shared Library,1.0
Beck,The New Pollution,Shared,269,20,2026-09-29 21:43:28Z,2026-09-29 23:43:28 MESZ,Shared Library,1.0
Ben Harper,Yard Sale,Shared,71,28,2026-09-28 16:57:17Z,2026-09-28 18:57:17 MESZ,Shared Library,1.0
Ben&Ben,Leaves,Shared,93,23,2026-09-28 20:34:18Z,2026-09-28 22:34:18 MESZ,Shared Library,1.0
Ben&Ben,Maybe The Night,Shared,143,17,2026-09-29 09:50:27Z,2026-09-29 11:50:27 MESZ,Shared Library,1.0
Benjamin Francis Leftwich,Ticket To Ride,Shared,70,14,2026-09-15 10:08:27Z,2026-09-15 12:08:27 MESZ,Shared Library,1.0
Benson Boone,Beautiful Things,Shared,62,24,2026-09-23 01:57:30Z,2026-09-23 03:57:30 MESZ,Shared Library,1.0
Beyoncé,Crazy In Love,Shared,113,7,2026-09-27 13:51:13Z,2026-09-27 15:51:13 MESZ,Shared Library,1.0
Beyoncé,TEXAS HOLD 'EM,Shared,259,31,2026-09-29 17:13:57Z,2026-09-29 19:13:57 MESZ,Shared Library,1.0
Bicep,Apricots,Shared,357,37,2026-09-30 03:08:32Z,2026-09-30 05:08:32 MESZ,Shared Library,1.0
Billie Eilish,BIRDS OF A FEATHER,Shared,367,35,2026-09-30 00:47:59Z,2026-09-30 02:47:59 MESZ,Shared Library,1.0
Bing Crosby,White Christmas,Shared,1,0,2026-05-15 16:06:13Z,2026-05-15 18:06:13 MESZ,Shared Library,1.0
Bleachers,I Wanna Get Better,Shared,259,32,2026-09-29 18:18:57Z,2026-09-29 20:18:57 MESZ,Shared Library,1.0
Bob Dylan,The Lonesome Death of Hattie Carroll,Shared,55,23,2026-09-29 23:01:29Z,2026-09-30 01:01:29 MESZ,Shared Library,1.0
Bob Marley & The Wailers,"Get Up, Stand Up",Shared,151,33,2026-09-29 12:28:57Z,2026-09-29 14:28:57 MESZ,Shared Library,1.0
Bon Iver,Holocene,Shared,387,35,2026-09-29 22:08:58Z,2026-09-30 00:08:58 MESZ,Shared Library,1.0
Bon Iver,Skinny Love,Shared,192,7,2026-09-28 21:07:17Z,2026-09-28 23:07:17 MESZ,Shared Library,1.0
Bon Jovi,Livin' On A Prayer,Shared,66,22,2026-09-22 14:43:30Z,2026-09-22 16:43:30 MESZ,Shared Library,1.0
Bon Jovi,You Give Love A Bad Name,Shared,9,0,2026-07-31 21:40:30Z,2026-07-31 23:40:30 MESZ,Shared Library,1.0
Boney M.,Gotta Go Home,Shared,88,31,2026-09-27 22:11:44Z,2026-09-28 00:11:44 MESZ,Shared Library,1.0
Bonobo,Cirrus,Shared,161,13,2026-09-30 02:43:02Z,2026-09-30 04:43:02 MESZ,Shared Library,1.0
Bonobo,Kiara,Shared,194,12,2026-09-30 01:15:30Z,2026-09-30 03:15:30 MESZ,Shared Library,1.0
Bonobo,Kong,Shared,146,9,2026-09-29 04:10:23Z,2026-09-29 06:10:23 MESZ,Shared Library,1.0
Bonobo,Terrapin,Shared,109,11,2026-09-27 15:11:44Z,2026-09-27 17:11:44 MESZ,Shared Library,1.0
Brenda Lee,Rockin' Around The Christmas Tree,Shared,1,0,2026-02-04 08:14:39Z,2026-02-04 09:14:39 MEZ,Shared Library,1.0
Brian Eno,An Ending (Ascent) (Remastered 2019),Shared,471,17,2026-09-30 01:44:00Z,2026-09-30 03:44:00 MESZ,Shared Library,1.0
Bruce Springsteen,Streets of Philadelphia  (Single Edit),Shared,223,32,2026-09-29 22:57:29Z,2026-09-30 00:57:29 MESZ,Shared Library,1.0
Bruno Mars,Gorilla,Shared,25,6,2026-09-23 19:07:33Z,2026-09-23 21:07:33 MESZ,Shared Library,1.0
Bruno Mars,I Just Might,Shared,63,25,2026-09-29 12:32:27Z,2026-09-29 14:32:27 MESZ,Shared Library,1.0
Carbon Based Lifeforms,Photosynthesis,Shared,315,33,2026-09-30 01:55:00Z,2026-09-30 03:55:00 MESZ,Shared Library,1.0
Chappell Roan,"Good Luck, Babe!",Shared,144,17,2026-09-30 03:26:32Z,2026-09-30 05:26:32 MESZ,Shared Library,1.0
Chappell Roan,HOT TO GO!,Shared,158,10,2026-09-30 00:05:00Z,2026-09-30 02:05:00 MESZ,Shared Library,1.0
Chappell Roan,Pink Pony Club,Shared,125,10,2026-09-24 05:41:11Z,2026-09-24 07:41:11 MESZ,Shared Library,1.0
Charli XCX,360,Shared,112,29,2026-09-29 13:56:57Z,2026-09-29 15:56:57 MESZ,Shared Library,1.0
Chris De Burgh,The Getaway,Shared,35,22,2026-09-24 07:31:11Z,2026-09-24 09:31:11 MESZ,Shared Library,1.0
Confetti,People Suck [Explicit],Shared,12,8,2026-09-20 02:39:08Z,2026-09-20 04:39:08 MESZ,Shared Library,1.0
Cyndi Lauper,All Through the Night,Shared,143,30,2026-09-30 01:00:29Z,2026-09-30 03:00:29 MESZ,Shared Library,1.0
Daft Punk,"Harder, Better, Faster, Stronger",Shared,303,23,2026-09-29 21:07:27Z,2026-09-29 23:07:27 MESZ,Shared Library,1.0
Daft Punk,One More Time,Shared,216,19,2026-09-30 03:34:32Z,2026-09-30 05:34:32 MESZ,Shared Library,1.0
Darude,Sandstorm,Shared,52,22,2026-09-27 23:33:14Z,2026-09-28 01:33:14 MESZ,Shared Library,1.0
Dasha,Austin (Boots Stop Workin'),Shared,46,25,2026-09-24 12:33:11Z,2026-09-24 14:33:11 MESZ,Shared Library,1.0
David Bowie,Space Oddity,Shared,79,16,2026-09-29 22:46:28Z,2026-09-30 00:46:28 MESZ,Shared Library,1.0
David Bowie,Starman  (2012 Remaster),Shared,97,12,2026-09-29 16:02:57Z,2026-09-29 18:02:57 MESZ,Shared Library,1.0
Dire Straits,Brothers in Arms,Shared,96,19,2026-09-26 09:30:56Z,2026-09-26 11:30:56 MESZ,Shared Library,1.0
Dire Straits,Money for Nothing,Shared,22,1,2026-09-08 22:33:36Z,2026-09-09 00:33:36 MESZ,Shared Library,1.0
Dire Straits,Sultans of Swing,Shared,134,9,2026-09-28 21:35:17Z,2026-09-28 23:35:17 MESZ,Shared Library,1.0
Djo,End of Beginning,Shared,171,31,2026-09-29 13:08:57Z,2026-09-29 15:08:57 MESZ,Shared Library,1.0
Dolly Parton,9 to 5,Shared,120,28,2026-09-29 23:19:29Z,2026-09-30 01:19:29 MESZ,Shared Library,1.0
Dua Lipa,Future Nostalgia,Shared,224,26,2026-09-30 00:16:59Z,2026-09-30 02:16:59 MESZ,Shared Library,1.0
Dua Lipa,Houdini,Shared,231,13,2026-09-29 17:36:27Z,2026-09-29 19:36:27 MESZ,Shared Library,1.0
Dua Lipa,Training Season,Shared,180,4,2026-09-30 03:17:32Z,2026-09-30 05:17:32 MESZ,Shared Library,1.0
Eagles,"Desperado (Live On MTV, 1994)",Shared,42,0,2026-07-31 18:08:30Z,2026-07-31 20:08:30 MESZ,Shared Library,1.0
Eagles,Hotel California  (2013 Remaster),Shared,69,20,2026-09-29 22:02:28Z,2026-09-30 00:02:28 MESZ,Shared Library,1.0
Ed Sheeran,Azizam,Shared,56,21,2026-09-25 20:51:19Z,2026-09-25 22:51:19 MESZ,Shared Library,1.0
Ed Sheeran,Beautiful People (feat. Khalid),Shared,53,1,2026-09-21 22:53:20Z,2026-09-22 00:53:20 MESZ,Shared Library,1.0
Electric Light Orchestra,Mr. Blue Sky,Shared,256,34,2026-09-30 00:07:59Z,2026-09-30 02:07:59 MESZ,Shared Library,1.0
Elton John,"Rocket Man (I Think It's Going To Be A Long, Long Time)",Shared,159,28,2026-09-29 23:45:29Z,2026-09-30 01:45:29 MESZ,Shared Library,1.0
Erykah Badu,Bag Lady (Album Version),Shared,256,22,2026-09-30 01:48:30Z,2026-09-30 03:48:30 MESZ,Shared Library,1.0
Erykah Badu,On & On,Shared,318,23,2026-09-29 18:04:57Z,2026-09-29 20:04:57 MESZ,Shared Library,1.0
Ethel Cain,Punish,Shared,62,33,2026-09-28 10:46:16Z,2026-09-28 12:46:16 MESZ,Shared Library,1.0
Europe,The Final Countdown (Album Version),Shared,34,20,2026-09-21 21:50:19Z,2026-09-21 23:50:19 MESZ,Shared Library,1.0
"Eurythmics, Annie Lennox, Dave Stewart",Sweet Dreams (Are Made of This) [2018 Remastered],Shared,335,34,2026-09-30 02:27:01Z,2026-09-30 04:27:01 MESZ,Shared Library,1.0
Fleet Foxes,White Winter Hymnal,Shared,264,31,2026-09-29 10:19:57Z,2026-09-29 12:19:57 MESZ,Shared Library,1.0
Fleetwood Mac,Dreams  (2004 Remaster),Shared,269,28,2026-09-30 01:35:00Z,2026-09-30 03:35:00 MESZ,Shared Library,1.0
Fleetwood Mac,Go Your Own Way  (2004 Remaster),Shared,88,7,2026-09-29 22:32:28Z,2026-09-30 00:32:28 MESZ,Shared Library,1.0
Floating Points,LesAlpx,Shared,305,34,2026-09-29 11:14:27Z,2026-09-29 13:14:27 MESZ,Shared Library,1.0
Frank Sinatra,Have Yourself A Merry Little Christmas (Remastered 1999),Shared,1,0,2026-04-30 09:22:28Z,2026-04-30 11:22:28 MESZ,Shared Library,1.0
Fred again..,leavemealone,Shared,76,26,2026-09-29 12:53:57Z,2026-09-29 14:53:57 MESZ,Shared Library,1.0
Ghostwriter,heart on my sleeve,Shared,13,0,2026-06-19 08:04:08Z,2026-06-19 10:04:08 MESZ,Shared Library,1.0
Gigi Perez,Sailor Song,Shared,158,30,2026-09-29 08:03:26Z,2026-09-29 10:03:26 MESZ,Shared Library,1.0
GoGo Penguin,Hopopono,Shared,166,18,2026-09-29 11:23:27Z,2026-09-29 13:23:27 MESZ,Shared Library,1.0
GoGo Penguin,Raven,Shared,240,32,2026-09-29 06:43:56Z,2026-09-29 08:43:56 MESZ,Shared Library,1.0
Guns N' Roses,Paradise City,Shared,49,22,2026-09-28 00:37:44Z,2026-09-28 02:37:44 MESZ,Shared Library,1.0
Guns N' Roses,Sweet Child O' Mine,Shared,13,0,2026-07-31 18:36:00Z,2026-07-31 20:36:00 MESZ,Shared Library,1.0
Harry Styles,As It Was,Shared,117,25,2026-09-29 13:53:57Z,2026-09-29 15:53:57 MESZ,Shared Library,1.0
Harry Styles,Watermelon Sugar,Shared,56,2,2026-09-25 20:22:19Z,2026-09-25 22:22:19 MESZ,Shared Library,1.0
Hiatus Kaiyote,By Fire,Shared,186,31,2026-09-28 18:46:47Z,2026-09-28 20:46:47 MESZ,Shared Library,1.0
Hozier,Take Me To Church,Shared,69,28,2026-09-26 00:20:21Z,2026-09-26 02:20:21 MESZ,Shared Library,1.0
Igor Levit,"Piano Sonata No. 14 in C-Sharp Minor, Op. 27, No. 2, ""Moonlight"" - I. Adagio sostenuto",Shared,114,26,2026-09-28 09:58:46Z,2026-09-28 11:58:46 MESZ,Shared Library,1.0
Jack Johnson,Better Together,Shared,194,28,2026-09-29 11:49:27Z,2026-09-29 13:49:27 MESZ,Shared Library,1.0
Janelle Monáe,Make Me Feel,Shared,264,43,2026-09-29 17:55:27Z,2026-09-29 19:55:27 MESZ,Shared Library,1.0
Jill Scott,Golden,Shared,260,38,2026-09-30 01:40:00Z,2026-09-30 03:40:00 MESZ,Shared Library,1.0
Jimmy Cliff,I Can See Clearly Now (Album Version),Shared,116,14,2026-09-13 05:46:15Z,2026-09-13 07:46:15 MESZ,Shared Library,1.0
John Lennon,Imagine (Remastered 2010),Shared,126,13,2026-09-17 04:18:10Z,2026-09-17 06:18:10 MESZ,Shared Library,1.0
John Mayer,New Light,Shared,195,33,2026-09-29 11:36:56Z,2026-09-29 13:36:56 MESZ,Shared Library,1.0
Johnny Cash,Redemption Day (Album Version),Shared,67,34,2026-09-29 23:26:29Z,2026-09-30 01:26:29 MESZ,Shared Library,1.0
Journey,Lights (Album Version),Shared,62,31,2026-09-29 07:55:26Z,2026-09-29 09:55:26 MESZ,Shared Library,1.0
Justice,D.A.N.C.E.,Shared,280,39,2026-09-29 21:33:27Z,2026-09-29 23:33:27 MESZ,Shared Library,1.0
Katy Perry,Roar,Shared,54,23,2026-09-25 20:54:19Z,2026-09-25 22:54:19 MESZ,Shared Library,1.0
Kendrick Lamar,Alright,Shared,97,30,2026-09-29 17:39:57Z,2026-09-29 19:39:57 MESZ,Shared Library,1.0
Kendrick Lamar,Not Like Us,Shared,24,2,2026-09-27 02:08:01Z,2026-09-27 04:08:01 MESZ,Shared Library,1.0
Kenny G,Songbird,Shared,159,23,2026-09-28 07:57:46Z,2026-09-28 09:57:46 MESZ,Shared Library,1.0
Khalid,momentary lovers,Shared,109,29,2026-09-29 11:33:27Z,2026-09-29 13:33:27 MESZ,Shared Library,1.0
Khalid,please don't call (333),Shared,76,5,2026-09-29 04:38:24Z,2026-09-29 06:38:24 MESZ,Shared Library,1.0
Khruangbin,A Calf Born In Winter,Shared,271,19,2026-09-29 10:09:27Z,2026-09-29 12:09:27 MESZ,Shared Library,1.0
Khruangbin,Time (You and I),Shared,337,27,2026-09-30 01:10:00Z,2026-09-30 03:10:00 MESZ,Shared Library,1.0
Kraftwerk,Trans-Europe Express  (2009 Remaster),Shared,169,20,2026-09-30 02:17:01Z,2026-09-30 04:17:01 MESZ,Shared Library,1.0
Lana Del Rey,Diet Mountain Dew,Shared,69,30,2026-09-29 04:14:23Z,2026-09-29 06:14:23 MESZ,Shared Library,1.0
Led Zeppelin,Over the Hills and Far Away  (Remaster),Shared,54,17,2026-09-27 15:06:44Z,2026-09-27 17:06:44 MESZ,Shared Library,1.0
Led Zeppelin,Stairway to Heaven  (Remaster),Shared,35,13,2026-09-28 21:21:47Z,2026-09-28 23:21:47 MESZ,Shared Library,1.0
Leon Bridges,Coming Home,Shared,425,34,2026-09-30 01:27:00Z,2026-09-30 03:27:00 MESZ,Shared Library,1.0
Lianne La Havas,Unstoppable,Shared,335,40,2026-09-29 17:59:27Z,2026-09-29 19:59:27 MESZ,Shared Library,1.0
Lil Jon,Get Low [Explicit],Shared,6,0,2026-07-31 19:14:00Z,2026-07-31 21:14:00 MESZ,Shared Library,1.0
Lucy Dacus,Night Shift,Shared,315,36,2026-09-29 09:54:57Z,2026-09-29 11:54:57 MESZ,Shared Library,1.0
M83,Midnight City,Shared,371,45,2026-09-29 22:20:58Z,2026-09-30 00:20:58 MESZ,Shared Library,1.0
Madonna,Holiday,Shared,185,31,2026-09-29 13:39:27Z,2026-09-29 15:39:27 MESZ,Shared Library,1.0
Marconi Union,Weightless,Shared,294,28,2026-09-29 05:41:25Z,2026-09-29 07:41:25 MESZ,Shared Library,1.0
Mariah Carey,All I Want for Christmas Is You,Shared,1,0,2026-05-15 16:14:43Z,2026-05-15 18:14:43 MESZ,Shared Library,1.0
Mariah Carey,O Holy Night,Shared,0,0,Never,Never,Shared Library,1.0
Marvin Gaye,What's Going On,Shared,340,41,2026-09-30 01:05:30Z,2026-09-30 03:05:30 MESZ,Shared Library,1.0
Masego,Tadow,Shared,289,38,2026-09-29 15:52:57Z,2026-09-29 17:52:57 MESZ,Shared Library,1.0
Megadeth,Tipping Point,Shared,38,21,2026-09-22 22:28:30Z,2026-09-23 00:28:30 MESZ,Shared Library,1.0
Michael Jackson,You Are Not Alone,Shared,54,8,2026-09-23 13:45:32Z,2026-09-23 15:45:32 MESZ,Shared Library,1.0
Miley Cyrus,Flowers,Shared,96,29,2026-09-29 00:17:20Z,2026-09-29 02:17:20 MESZ,Shared Library,1.0
Minako Yoshida,I'll Teach You All About Love,Shared,146,37,2026-09-29 13:20:27Z,2026-09-29 15:20:27 MESZ,Shared Library,1.0
Mireille Mathieu,Together We're Strong,Shared,48,27,2026-09-24 10:54:41Z,2026-09-24 12:54:41 MESZ,Shared Library,1.0
Mumford & Sons,Awake My Soul,Shared,145,34,2026-09-29 05:32:55Z,2026-09-29 07:32:55 MESZ,Shared Library,1.0
Nick Drake,Pink Moon,Shared,349,39,2026-09-29 18:50:27Z,2026-09-29 20:50:27 MESZ,Shared Library,1.0
Nils Frahm,All Melody,Shared,178,16,2026-09-28 06:55:16Z,2026-09-28 08:55:16 MESZ,Shared Library,1.0
Nils Frahm,Says,Shared,264,20,2026-09-29 06:08:25Z,2026-09-29 08:08:25 MESZ,Shared Library,1.0
Noah Kahan,Stick Season,Shared,153,30,2026-09-29 20:31:57Z,2026-09-29 22:31:57 MESZ,Shared Library,1.0
Olivia Rodrigo,vampire,Shared,114,32,2026-09-29 23:10:59Z,2026-09-30 01:10:59 MESZ,Shared Library,1.0
OneRepublic,I Lived,Shared,135,24,2026-09-23 15:29:03Z,2026-09-23 17:29:03 MESZ,Shared Library,1.0
Otis Redding,(Sittin' On) the Dock of the Bay,Shared,245,38,2026-09-29 20:15:27Z,2026-09-29 22:15:27 MESZ,Shared Library,1.0
Peggy Gou,Starry Night,Shared,187,38,2026-09-30 02:30:31Z,2026-09-30 04:30:31 MESZ,Shared Library,1.0
Perrie,Die With A Smile  (Bruno Mars & Lady Gaga Cover - BBC Radio 1 Live Lounge),Shared,38,17,2026-09-28 02:36:44Z,2026-09-28 04:36:44 MESZ,Shared Library,1.0
Pet Shop Boys,West End Girls  (2001 Remaster),Shared,366,25,2026-09-30 03:21:32Z,2026-09-30 05:21:32 MESZ,Shared Library,1.0
Pete Seeger,Solidarity Forever,Shared,27,19,2026-09-21 18:29:48Z,2026-09-21 20:29:48 MESZ,Shared Library,1.0
Petit Biscuit,Sunset Lover,Shared,259,27,2026-09-29 15:48:57Z,2026-09-29 17:48:57 MESZ,Shared Library,1.0
Pink Floyd,"Another Brick in the Wall, Pt. 2",Shared,67,30,2026-09-28 18:04:46Z,2026-09-28 20:04:46 MESZ,Shared Library,1.0
Pitbull,International Love,Shared,67,18,2026-09-26 22:23:27Z,2026-09-27 00:23:27 MESZ,Shared Library,1.0
Pitbull,Timber,Shared,59,18,2026-09-30 00:23:59Z,2026-09-30 02:23:59 MESZ,Shared Library,1.0
Queen,Bohemian Rhapsody (Remastered 2011),Shared,38,9,2026-09-27 21:29:14Z,2026-09-27 23:29:14 MESZ,Shared Library,1.0
Queen,Don't Stop Me Now (Remastered 2011),Shared,129,1,2026-09-24 16:32:41Z,2026-09-24 18:32:41 MESZ,Shared Library,1.0
Queen,Killer Queen (Remastered 2011),Shared,57,9,2026-09-30 00:36:29Z,2026-09-30 02:36:29 MESZ,Shared Library,1.0
Queen,Under Pressure (Remastered 2011),Shared,110,9,2026-09-29 19:28:27Z,2026-09-29 21:28:27 MESZ,Shared Library,1.0
Radiohead,Weird Fishes / Arpeggi,Shared,277,44,2026-09-29 22:36:28Z,2026-09-30 00:36:28 MESZ,Shared Library,1.0
RÜFÜS DU SOL,Innerbloom  (Live from Joshua Tree),Shared,247,31,2026-09-29 02:01:21Z,2026-09-29 04:01:21 MESZ,Shared Library,1.0
Sabrina Carpenter,Espresso,Shared,191,17,2026-09-26 17:37:57Z,2026-09-26 19:37:57 MESZ,Shared Library,1.0
Sabrina Carpenter,Please Please Please,Shared,98,12,2026-09-29 23:34:29Z,2026-09-30 01:34:29 MESZ,Shared Library,1.0
Sabrina Carpenter,Taste,Shared,90,8,2026-09-28 13:34:46Z,2026-09-28 15:34:46 MESZ,Shared Library,1.0
Shaboozey,A Bar Song (Tipsy),Shared,78,33,2026-09-29 12:22:27Z,2026-09-29 14:22:27 MESZ,Shared Library,1.0
Side-A,Only You (There Will Never Be Another),Shared,95,36,2026-09-29 18:22:28Z,2026-09-29 20:22:28 MESZ,Shared Library,1.0
Simon & Garfunkel,The Sound of Silence  (Acoustic Version),Shared,202,33,2026-09-29 23:37:59Z,2026-09-30 01:37:59 MESZ,Shared Library,1.0
Snarky Puppy,Lingus (Alternate Take),Shared,122,30,2026-09-28 10:19:16Z,2026-09-28 12:19:16 MESZ,Shared Library,1.0
Soundgarden,Black Hole Sun,Shared,139,36,2026-09-30 02:07:31Z,2026-09-30 04:07:31 MESZ,Shared Library,1.0
Sting,Fragile,Shared,123,36,2026-09-29 23:22:29Z,2026-09-30 01:22:29 MESZ,Shared Library,1.0
Supertramp,Even In The Quietest Moments,Shared,126,42,2026-09-30 01:20:00Z,2026-09-30 03:20:00 MESZ,Shared Library,1.0
Survivor,Eye of the Tiger,Shared,44,24,2026-09-26 00:24:51Z,2026-09-26 02:24:51 MESZ,Shared Library,1.0
SZA,Kill Bill,Shared,80,34,2026-09-29 17:01:57Z,2026-09-29 19:01:57 MESZ,Shared Library,1.0
Tame Impala,The Less I Know The Better,Shared,193,43,2026-09-29 21:53:28Z,2026-09-29 23:53:28 MESZ,Shared Library,1.0
Tate McRae,greedy,Shared,100,29,2026-09-29 16:53:57Z,2026-09-29 18:53:57 MESZ,Shared Library,1.0
Tate McRae,Miss possessive,Shared,13,0,2026-07-20 10:39:51Z,2026-07-20 12:39:51 MESZ,Shared Library,1.0
Tate McRae,TIT FOR TAT,Shared,40,7,2026-09-28 15:48:16Z,2026-09-28 17:48:16 MESZ,Shared Library,1.0
Taylor Swift,Cruel Summer,Shared,148,34,2026-09-29 23:31:03Z,2026-09-30 01:31:03 MESZ,Shared Library,1.0
Teddy Swims,The Door,Shared,111,38,2026-09-29 12:39:27Z,2026-09-29 14:39:27 MESZ,Shared Library,1.0
The Beach Boys,Good Vibrations (Stereo/Remastered 2012),Shared,207,39,2026-09-29 14:32:57Z,2026-09-29 16:32:57 MESZ,Shared Library,1.0
The Beatles,Here Comes The Sun (2019 Mix),Shared,325,12,2026-09-29 13:58:57Z,2026-09-29 15:58:57 MESZ,Shared Library,1.0
The Beatles,Lucy In The Sky With Diamonds (Remastered 2009),Shared,39,4,2026-09-28 22:43:18Z,2026-09-29 00:43:18 MESZ,Shared Library,1.0
The Beatles,Revolution 9 (Remastered 2009),Shared,19,7,2026-09-23 00:29:30Z,2026-09-23 02:29:30 MESZ,Shared Library,1.0
The Beatles,Yesterday (Remastered),Shared,99,11,2026-09-29 19:48:57Z,2026-09-29 21:48:57 MESZ,Shared Library,1.0
The Clash,London Calling,Shared,182,26,2026-09-28 14:31:46Z,2026-09-28 16:31:46 MESZ,Shared Library,1.0
The Clash,Should I Stay or Should I Go (Remastered),Shared,182,16,2026-09-30 00:04:00Z,2026-09-30 02:04:00 MESZ,Shared Library,1.0
The Cure,Pictures of You,Shared,271,35,2026-09-29 22:52:29Z,2026-09-30 00:52:29 MESZ,Shared Library,1.0
The Dave Brubeck Quartet,Take Five,Shared,235,43,2026-09-29 21:37:57Z,2026-09-29 23:37:57 MESZ,Shared Library,1.0
The Killers,Mr. Brightside,Shared,168,41,2026-09-29 23:14:59Z,2026-09-30 01:14:59 MESZ,Shared Library,1.0
The National,About Today (2021 Remaster),Shared,305,42,2026-09-29 18:08:57Z,2026-09-29 20:08:57 MESZ,Shared Library,1.0
The Rolling Stones,"Paint It, Black",Shared,98,37,2026-09-29 17:10:01Z,2026-09-29 19:10:01 MESZ,Shared Library,1.0
The Rolling Stones,Street Fighting Man,Shared,25,3,2026-09-28 00:17:14Z,2026-09-28 02:17:14 MESZ,Shared Library,1.0
The Strokes,Last Nite,Shared,237,43,2026-09-30 00:13:29Z,2026-09-30 02:13:29 MESZ,Shared Library,1.0
The Weeknd,Blinding Lights,Shared,169,10,2026-09-29 00:04:49Z,2026-09-29 02:04:49 MESZ,Shared Library,1.0
The Weeknd,Gasoline,Shared,90,16,2026-09-29 16:07:57Z,2026-09-29 18:07:57 MESZ,Shared Library,1.0
The Weeknd,Starboy,Shared,104,15,2026-09-30 02:13:01Z,2026-09-30 04:13:01 MESZ,Shared Library,1.0
Tinashe,Nasty,Shared,83,43,2026-09-29 13:29:57Z,2026-09-29 15:29:57 MESZ,Shared Library,1.0
Tove Lo,No One Dies From Love,Shared,157,40,2026-09-29 16:45:57Z,2026-09-29 18:45:57 MESZ,Shared Library,1.0
Tracy Chapman,Fast Car  (2015 Remaster),Shared,429,49,2026-09-29 18:41:27Z,2026-09-29 20:41:27 MESZ,Shared Library,1.0
twenty one pilots,Stressed Out,Shared,81,36,2026-09-29 23:07:30Z,2026-09-30 01:07:30 MESZ,Shared Library,1.0
Tycho,A Walk,Shared,592,33,2026-09-29 20:57:27Z,2026-09-29 22:57:27 MESZ,Shared Library,1.0
Tycho,Dive,Shared,268,11,2026-09-29 05:01:55Z,2026-09-29 07:01:55 MESZ,Shared Library,1.0
Tyla,Water,Shared,137,46,2026-09-30 00:32:29Z,2026-09-30 02:32:29 MESZ,Shared Library,1.0
U2,Where The Streets Have No Name (Remastered 2007),Shared,193,47,2026-09-29 23:50:30Z,2026-09-30 01:50:30 MESZ,Shared Library,1.0
Ultravox,Vienna (2008 Remaster),Shared,258,47,2026-09-30 02:02:01Z,2026-09-30 04:02:01 MESZ,Shared Library,1.0
USA for Africa,We Are The World,Shared,19,7,2026-09-10 23:34:53Z,2026-09-11 01:34:53 MESZ,Shared Library,1.0
Wham!,Last Christmas (Single Version),Shared,1,0,2026-05-15 16:09:43Z,2026-05-15 18:09:43 MESZ,Shared Library,1.0
Wilson Pickett,In the Midnight Hour,Shared,124,41,2026-09-30 02:24:01Z,2026-09-30 04:24:01 MESZ,Shared Library,1.0
Wizkid,Essence,Shared,258,38,2026-09-29 18:36:57Z,2026-09-29 20:36:57 MESZ,Shared Library,1.0
Yellow Magic Orchestra,RYDEEN  (2018 Bob Ludwig Remastering),Shared,337,43,2026-09-30 03:04:03Z,2026-09-30 05:04:03 MESZ,Shared Library,1.0
Yussef Kamaal,Strings of Light,Shared,215,41,2026-09-29 07:20:26Z,2026-09-29 09:20:26 MESZ,Shared Library,1.0
Ólafur Arnalds,Near Light,Shared,342,30,2026-09-29 06:00:25Z,2026-09-29 08:00:25 MESZ,Shared Library,1.0
100 gecs,gec 2 Ü (Remix) [feat. Dorian Electra],Station-Specific,37,18,2026-09-28 02:49:44Z,2026-09-28 04:49:44 MESZ,Scraper Logs (OA Play History),1.0
A-Ha,Take on Me (2015 Remaster),Station-Specific,112,7,2026-09-28 13:27:46Z,2026-09-28 15:27:46 MESZ,Scraper Logs (OA Play History),1.0
A-Ha,The Sun Always Shines on T.V. (2015 Remaster),Station-Specific,190,26,2026-09-30 02:53:01Z,2026-09-30 04:53:01 MESZ,Scraper Logs (OA Play History),1.0
Alien Ant Farm,Smooth Criminal,Station-Specific,2,2,2026-09-29 19:02:57Z,2026-09-29 21:02:57 MESZ,Scraper Logs (OA Play History),1.0
Alina Baraz,Can I,Station-Specific,234,37,2026-09-29 10:41:27Z,2026-09-29 12:41:27 MESZ,Scraper Logs (OA Play History),1.0
Amigo The Devil,Murder at the Bingo Hall,Station-Specific,114,24,2026-09-25 03:27:46Z,2026-09-25 05:27:46 MESZ,Scraper Logs (OA Play History),1.0
Aphex Twin,Avril 14th,Station-Specific,165,3,2026-09-28 09:43:46Z,2026-09-28 11:43:46 MESZ,Scraper Logs (OA Play History),1.0
Aphex Twin,Xtal,Station-Specific,196,22,2026-09-28 05:29:15Z,2026-09-28 07:29:15 MESZ,Scraper Logs (OA Play History),1.0
Aurora,Cure For Me,Station-Specific,396,30,2026-09-27 14:49:44Z,2026-09-27 16:49:44 MESZ,Scraper Logs (OA Play History),1.0
B.E.R.,The Night Begins to Shine,Station-Specific,140,28,2026-09-27 02:22:31Z,2026-09-27 04:22:31 MESZ,Scraper Logs (OA Play History),1.0
Becky Levi and the Nightjars,Wake Me Up,Station-Specific,58,28,2026-09-29 15:28:27Z,2026-09-29 17:28:27 MESZ,Scraper Logs (OA Play History),1.0
Ben Böhmer,Breathing,Station-Specific,85,33,2026-09-28 05:08:45Z,2026-09-28 07:08:45 MESZ,Scraper Logs (OA Play History),1.0
Benetti House Bar,The Constellation,Station-Specific,2,0,2026-08-14 21:20:22Z,2026-08-14 23:20:22 MESZ,Scraper Logs (OA Play History),1.0
Berlin,Take My Breath Away,Station-Specific,72,24,2026-09-23 11:44:03Z,2026-09-23 13:44:03 MESZ,Scraper Logs (OA Play History),1.0
Birdmask,Set Me On Fire,Station-Specific,88,27,2026-09-23 16:07:33Z,2026-09-23 18:07:33 MESZ,Scraper Logs (OA Play History),1.0
Black Sabbath,Paranoid,Station-Specific,25,12,2026-09-22 00:55:53Z,2026-09-22 02:55:53 MESZ,Scraper Logs (OA Play History),1.0
Blondie,Heart Of Glass,Station-Specific,86,35,2026-09-29 20:44:27Z,2026-09-29 22:44:27 MESZ,Scraper Logs (OA Play History),1.0
Bob Seger,Night Moves,Station-Specific,30,30,2026-09-29 09:27:26Z,2026-09-29 11:27:26 MESZ,Scraper Logs (OA Play History),1.0
Bobby Vinton,Blue Velvet,Station-Specific,33,33,2026-09-29 06:40:56Z,2026-09-29 08:40:56 MESZ,Scraper Logs (OA Play History),1.0
Bonnie Tyler,"Holding Out for a Hero (From ""Footloose"" Soundtrack)",Station-Specific,26,12,2026-09-21 11:41:17Z,2026-09-21 13:41:17 MESZ,Scraper Logs (OA Play History),1.0
Bonnie Tyler,Total Eclipse of the Heart,Station-Specific,42,14,2026-09-27 19:26:14Z,2026-09-27 21:26:14 MESZ,Scraper Logs (OA Play History),1.0
Brandi Carlile,The Joke,Station-Specific,79,29,2026-09-28 01:29:44Z,2026-09-28 03:29:44 MESZ,Scraper Logs (OA Play History),1.0
BRUUT!,Loulou,Station-Specific,122,34,2026-09-28 20:24:47Z,2026-09-28 22:24:47 MESZ,Scraper Logs (OA Play History),1.0
Celtic Siren Noreen,Penelope's Song The Odyssey,Station-Specific,80,22,2026-09-28 08:57:46Z,2026-09-28 10:57:46 MESZ,Scraper Logs (OA Play History),1.0
Chelsea Cutler,Your Shirt,Station-Specific,134,32,2026-09-28 06:01:46Z,2026-09-28 08:01:46 MESZ,Scraper Logs (OA Play History),1.0
Chris Stapleton,Starting Over,Station-Specific,56,25,2026-09-25 22:20:20Z,2026-09-26 00:20:20 MESZ,Scraper Logs (OA Play History),1.0
Cigarettes After Sex,Apocalypse,Station-Specific,106,32,2026-09-28 05:34:15Z,2026-09-28 07:34:15 MESZ,Scraper Logs (OA Play History),1.0
Cold War Kids,First,Station-Specific,153,33,2026-09-27 12:43:42Z,2026-09-27 14:43:42 MESZ,Scraper Logs (OA Play History),1.0
Creedence Clearwater Revival,Bad Moon Rising,Station-Specific,34,12,2026-09-28 12:57:16Z,2026-09-28 14:57:16 MESZ,Scraper Logs (OA Play History),1.0
Creedence Clearwater Revival,Born On The Bayou,Station-Specific,35,20,2026-09-29 21:11:27Z,2026-09-29 23:11:27 MESZ,Scraper Logs (OA Play History),1.0
Creedence Clearwater Revival,Lookin' Out My Back Door,Station-Specific,14,0,2026-08-14 18:19:52Z,2026-08-14 20:19:52 MESZ,Scraper Logs (OA Play History),1.0
Culture Beat,I Like You,Station-Specific,65,6,2026-09-26 23:02:28Z,2026-09-27 01:02:28 MESZ,Scraper Logs (OA Play History),1.0
Cyndi Lauper,Time After Time,Station-Specific,123,9,2026-09-27 09:34:09Z,2026-09-27 11:34:09 MESZ,Scraper Logs (OA Play History),1.0
Danzig,Mother (Album Version),Station-Specific,34,21,2026-09-30 03:40:04Z,2026-09-30 05:40:04 MESZ,Scraper Logs (OA Play History),1.0
DataGlide,VR Higher,Station-Specific,32,26,2026-09-25 13:11:49Z,2026-09-25 15:11:49 MESZ,Scraper Logs (OA Play History),1.0
David Arkenstone,The Malabar Caves,Station-Specific,114,27,2026-09-29 05:18:54Z,2026-09-29 07:18:54 MESZ,Scraper Logs (OA Play History),1.0
David Wilcock,Barbra Streisand,Station-Specific,1,1,2026-09-27 22:15:44Z,2026-09-28 00:15:44 MESZ,Scraper Logs (OA Play History),1.0
Dawes,All Your Favorite Bands,Station-Specific,216,36,2026-09-29 20:48:27Z,2026-09-29 22:48:27 MESZ,Scraper Logs (OA Play History),1.0
Deftones,Be Quiet and Drive (Far Away),Station-Specific,82,1,2026-09-03 18:33:32Z,2026-09-03 20:33:32 MESZ,Scraper Logs (OA Play History),1.0
Deftones,Change (In the House of Flies),Station-Specific,58,22,2026-09-30 02:38:01Z,2026-09-30 04:38:01 MESZ,Scraper Logs (OA Play History),1.0
Depeche Mode,Just Can't Get Enough,Station-Specific,178,18,2026-09-30 00:39:59Z,2026-09-30 02:39:59 MESZ,Scraper Logs (OA Play History),1.0
Depeche Mode,Policy of Truth,Station-Specific,302,21,2026-09-30 02:58:31Z,2026-09-30 04:58:31 MESZ,Scraper Logs (OA Play History),1.0
Die Gebrüder Brett,Panzerband und billiges Crack (Dr Donk Remix),Station-Specific,16,8,2026-09-10 08:47:21Z,2026-09-10 10:47:21 MESZ,Scraper Logs (OA Play History),1.0
Die Toten Hosen,Walkampf,Station-Specific,24,17,2026-09-21 18:22:48Z,2026-09-21 20:22:48 MESZ,Scraper Logs (OA Play History),1.0
Dio,Holy Diver,Station-Specific,11,2,2026-09-10 08:54:51Z,2026-09-10 10:54:51 MESZ,Scraper Logs (OA Play History),1.0
Dio,Rainbow in the Dark,Station-Specific,26,15,2026-09-27 23:28:44Z,2026-09-28 01:28:44 MESZ,Scraper Logs (OA Play History),1.0
Dire Straits,Walk Of Life,Station-Specific,50,10,2026-09-29 20:21:57Z,2026-09-29 22:21:57 MESZ,Scraper Logs (OA Play History),1.0
Dive,City Of Sound,Station-Specific,28,15,2026-09-28 00:12:44Z,2026-09-28 02:12:44 MESZ,Scraper Logs (OA Play History),1.0
Dive,Same Old Town,Station-Specific,20,2,2026-09-28 00:44:44Z,2026-09-28 02:44:44 MESZ,Scraper Logs (OA Play History),1.0
Dive,When The River Turns To Sea,Station-Specific,37,13,2026-09-29 06:21:26Z,2026-09-29 08:21:26 MESZ,Scraper Logs (OA Play History),1.0
Dorian Electra,Bizarre Love Triangle,Station-Specific,146,8,2026-09-26 03:04:54Z,2026-09-26 05:04:54 MESZ,Scraper Logs (OA Play History),1.0
Dorian Electra,Career Boy,Station-Specific,120,16,2026-09-23 19:20:33Z,2026-09-23 21:20:33 MESZ,Scraper Logs (OA Play History),1.0
Dorian Electra,Man To Man,Station-Specific,18,0,2026-08-10 20:13:11Z,2026-08-10 22:13:11 MESZ,Scraper Logs (OA Play History),1.0
DrachenLord,Skrrr Skrrr,Station-Specific,12,9,2026-09-11 21:37:01Z,2026-09-11 23:37:01 MESZ,Scraper Logs (OA Play History),1.0
"Earth, Wind & Fire",Let's Groove (Album Version),Station-Specific,45,19,2026-09-29 21:47:28Z,2026-09-29 23:47:28 MESZ,Scraper Logs (OA Play History),1.0
"Earth, Wind & Fire",September,Station-Specific,50,22,2026-09-29 17:23:27Z,2026-09-29 19:23:27 MESZ,Scraper Logs (OA Play History),1.0
Ed Sheeran,Bad Habits,Station-Specific,89,6,2026-09-23 19:24:04Z,2026-09-23 21:24:04 MESZ,Scraper Logs (OA Play History),1.0
Ellis,The Taste,Station-Specific,4,1,2026-09-26 15:31:57Z,2026-09-26 17:31:57 MESZ,Scraper Logs (OA Play History),1.0
Empire Of The Sun,Alive,Station-Specific,272,31,2026-09-28 11:19:46Z,2026-09-28 13:19:46 MESZ,Scraper Logs (OA Play History),1.0
Falco,The Sound of Musik,Station-Specific,89,33,2026-09-29 20:35:27Z,2026-09-29 22:35:27 MESZ,Scraper Logs (OA Play History),1.0
Fela Kuti,Water No Get Enemy,Station-Specific,86,40,2026-09-29 21:16:59Z,2026-09-29 23:16:59 MESZ,Scraper Logs (OA Play History),1.0
Flauschi,Pink,Station-Specific,42,25,2026-09-28 07:43:45Z,2026-09-28 09:43:45 MESZ,Scraper Logs (OA Play History),1.0
Fleetwood Mac,Songbird (2004 Remaster),Station-Specific,228,9,2026-09-30 02:49:31Z,2026-09-30 04:49:31 MESZ,Scraper Logs (OA Play History),1.0
Foster The People,Pumped Up Kicks,Station-Specific,8,2,2026-09-29 23:57:00Z,2026-09-30 01:57:00 MESZ,Scraper Logs (OA Play History),1.0
Four Tet,Two Thousand and Seventeen,Station-Specific,360,41,2026-09-30 01:30:30Z,2026-09-30 03:30:30 MESZ,Scraper Logs (OA Play History),1.0
Frank Carter & The Rattlesnakes,Anxiety (Youngr Remix),Station-Specific,51,24,2026-09-28 02:41:44Z,2026-09-28 04:41:44 MESZ,Scraper Logs (OA Play History),1.0
Frank Carter & The Rattlesnakes,Kitty Sucker,Station-Specific,13,3,2026-09-23 20:27:33Z,2026-09-23 22:27:33 MESZ,Scraper Logs (OA Play History),1.0
Franz Ferdinand,Take Me Out,Station-Specific,10,3,2026-09-28 23:01:18Z,2026-09-29 01:01:18 MESZ,Scraper Logs (OA Play History),1.0
Freddie Mercury,Love Kills,Station-Specific,53,21,2026-09-29 02:48:52Z,2026-09-29 04:48:52 MESZ,Scraper Logs (OA Play History),1.0
Frightened Rabbit,The Modern Leper,Station-Specific,147,29,2026-09-25 00:11:43Z,2026-09-25 02:11:43 MESZ,Scraper Logs (OA Play History),1.0
Galimatias,Sly,Station-Specific,212,41,2026-09-29 10:56:27Z,2026-09-29 12:56:27 MESZ,Scraper Logs (OA Play History),1.0
George Clanton,Make It Forever,Station-Specific,192,36,2026-09-28 20:30:17Z,2026-09-28 22:30:17 MESZ,Scraper Logs (OA Play History),1.0
Glenn Frey,"Part Of Me, Part Of You (Album Version)",Station-Specific,10,10,2026-09-29 05:54:25Z,2026-09-29 07:54:25 MESZ,Scraper Logs (OA Play History),1.0
Go_A,SHUM,Station-Specific,81,41,2026-09-29 17:52:27Z,2026-09-29 19:52:27 MESZ,Scraper Logs (OA Play History),1.0
Gorillaz,Souk Eye,Station-Specific,79,43,2026-09-29 21:57:28Z,2026-09-29 23:57:28 MESZ,Scraper Logs (OA Play History),1.0
Harold Faltermeyer,"Axel F (From ""Beverly Hills Cop"" Soundtrack)",Station-Specific,84,12,2026-09-28 20:50:17Z,2026-09-28 22:50:17 MESZ,Scraper Logs (OA Play History),1.0
Harold Faltermeyer,Bad Guys (From “Beverly Hills Cop II” Soundtrack),Station-Specific,33,19,2026-09-28 22:34:18Z,2026-09-29 00:34:18 MESZ,Scraper Logs (OA Play History),1.0
Harry Kaze,Sunlight,Station-Specific,61,32,2026-09-28 12:28:16Z,2026-09-28 14:28:16 MESZ,Scraper Logs (OA Play History),1.0
Head Automatica,Beating Heart Baby (Album Version),Station-Specific,127,27,2026-09-26 22:39:58Z,2026-09-27 00:39:58 MESZ,Scraper Logs (OA Play History),1.0
Helene Fischer,Atemlos durch die Nacht,Station-Specific,39,23,2026-09-23 04:56:31Z,2026-09-23 06:56:31 MESZ,Scraper Logs (OA Play History),1.0
Hämatom,Liebe auf den ersten Fick,Station-Specific,1,0,2026-07-18 05:54:04Z,2026-07-18 07:54:04 MESZ,Scraper Logs (OA Play History),1.0
Iron Maiden,Run To The Hills (2015 Remaster),Station-Specific,5,0,2026-08-20 22:20:28Z,2026-08-21 00:20:28 MESZ,Scraper Logs (OA Play History),1.0
Jamiroquai,Wolf in Sheeps Clothing,Station-Specific,60,16,2026-09-29 21:02:57Z,2026-09-29 23:02:57 MESZ,Scraper Logs (OA Play History),1.0
Japanese Breakfast,Be Sweet,Station-Specific,379,34,2026-09-29 15:41:57Z,2026-09-29 17:41:57 MESZ,Scraper Logs (OA Play History),1.0
Jennifer Warnes,Bird on a Wire (Digitally Remastered),Station-Specific,58,30,2026-09-29 18:52:57Z,2026-09-29 20:52:57 MESZ,Scraper Logs (OA Play History),1.0
Jessi Colter,I'm Not Lisa,Station-Specific,73,33,2026-09-28 05:46:15Z,2026-09-28 07:46:15 MESZ,Scraper Logs (OA Play History),1.0
Jimmy Eat World,A Praise Chorus,Station-Specific,54,23,2026-09-25 20:43:19Z,2026-09-25 22:43:19 MESZ,Scraper Logs (OA Play History),1.0
Joe Cocker,With A Little Help From My Friends,Station-Specific,18,18,2026-09-29 19:06:28Z,2026-09-29 21:06:28 MESZ,Scraper Logs (OA Play History),1.0
Jorge Ben Jor,Mas Que Nada,Station-Specific,170,39,2026-09-29 15:16:57Z,2026-09-29 17:16:57 MESZ,Scraper Logs (OA Play History),1.0
Kanye West,Devil In A New Dress (Album Version (Explicit)),Station-Specific,2,1,2026-08-31 21:13:20Z,2026-08-31 23:13:20 MESZ,Scraper Logs (OA Play History),1.0
Kool & The Gang,Jungle Boogie (Album Version),Station-Specific,56,32,2026-09-28 22:50:18Z,2026-09-29 00:50:18 MESZ,Scraper Logs (OA Play History),1.0
KrabbelStein,Bass of Silence,Station-Specific,84,14,2026-09-11 03:59:28Z,2026-09-11 05:59:28 MESZ,Scraper Logs (OA Play History),1.0
Kraftwerk,Autobahn  (2024 Single Edit),Station-Specific,47,9,2026-09-28 22:24:47Z,2026-09-29 00:24:47 MESZ,Scraper Logs (OA Play History),1.0
Kraftwerk,Neon Lights,Station-Specific,170,16,2026-09-28 09:14:46Z,2026-09-28 11:14:46 MESZ,Scraper Logs (OA Play History),1.0
Kylie Minogue,Where the Wild Roses Grow (Remastered 2011),Station-Specific,85,34,2026-09-29 23:41:30Z,2026-09-30 01:41:30 MESZ,Scraper Logs (OA Play History),1.0
Laura Branigan,Self Control,Station-Specific,104,29,2026-09-27 05:48:04Z,2026-09-27 07:48:04 MESZ,Scraper Logs (OA Play History),1.0
Len,Steal My Sunshine,Station-Specific,106,27,2026-09-27 23:24:14Z,2026-09-28 01:24:14 MESZ,Scraper Logs (OA Play History),1.0
Leonard Bernstein,"Peer Gynt Suite No. 1, Op. 46 - I. Morning Mood",Station-Specific,48,24,2026-09-24 10:46:11Z,2026-09-24 12:46:11 MESZ,Scraper Logs (OA Play History),1.0
Leonard Cohen,First We Take Manhattan,Station-Specific,90,24,2026-09-29 19:55:27Z,2026-09-29 21:55:27 MESZ,Scraper Logs (OA Play History),1.0
Leonard Cohen,You Want It Darker,Station-Specific,62,11,2026-09-29 01:56:21Z,2026-09-29 03:56:21 MESZ,Scraper Logs (OA Play History),1.0
Linkin Park,Numb,Station-Specific,18,1,2026-09-01 23:19:23Z,2026-09-02 01:19:23 MESZ,Scraper Logs (OA Play History),1.0
Luis Miguel,La Mentira,Station-Specific,54,41,2026-09-29 17:48:27Z,2026-09-29 19:48:27 MESZ,Scraper Logs (OA Play History),1.0
Madonna,Hung Up (Album Version),Station-Specific,3,3,2026-09-29 19:22:28Z,2026-09-29 21:22:28 MESZ,Scraper Logs (OA Play History),1.0
MARINA,Primadonna,Station-Specific,172,27,2026-09-24 14:51:41Z,2026-09-24 16:51:41 MESZ,Scraper Logs (OA Play History),1.0
Massive Attack,Teardrop,Station-Specific,160,39,2026-09-29 22:14:58Z,2026-09-30 00:14:58 MESZ,Scraper Logs (OA Play History),1.0
Merle Haggard & The Strangers,"Mother, The Queen Of My Heart",Station-Specific,6,0,2026-08-21 20:50:35Z,2026-08-21 22:50:35 MESZ,Scraper Logs (OA Play History),1.0
Metallica,Enter Sandman,Station-Specific,36,22,2026-09-24 05:45:41Z,2026-09-24 07:45:41 MESZ,Scraper Logs (OA Play History),1.0
Metallica,"Master of Puppets  (Live at Irvine Meadows Amphitheatre, Irvine, CA, 8/4/1996)",Station-Specific,5,0,2026-07-29 00:08:07Z,2026-07-29 02:08:07 MESZ,Scraper Logs (OA Play History),1.0
Michael Jackson,Dirty Diana (2012 Remaster),Station-Specific,49,1,2026-09-21 20:23:48Z,2026-09-21 22:23:48 MESZ,Scraper Logs (OA Play History),1.0
Michael Jackson,Liberian Girl (2012 Remaster),Station-Specific,39,14,2026-09-29 01:41:51Z,2026-09-29 03:41:51 MESZ,Scraper Logs (OA Play History),1.0
Michael Jackson,Smooth Criminal (2012 Remaster),Station-Specific,77,9,2026-09-29 18:57:58Z,2026-09-29 20:57:58 MESZ,Scraper Logs (OA Play History),1.0
Michael Tolcher,Sooner Or Later (Album Version),Station-Specific,122,26,2026-09-25 11:52:19Z,2026-09-25 13:52:19 MESZ,Scraper Logs (OA Play History),1.0
Mono Inc.,Children of the Dark (2021),Station-Specific,42,5,2026-09-22 03:13:25Z,2026-09-22 05:13:25 MESZ,Scraper Logs (OA Play History),1.0
Mono Inc.,The Last Waltz (Tour Edition Bonus Track),Station-Specific,127,25,2026-09-28 18:28:46Z,2026-09-28 20:28:46 MESZ,Scraper Logs (OA Play History),1.0
Motörhead,Ace of Spades (40th Anniversary Master),Station-Specific,6,0,2026-07-31 17:50:00Z,2026-07-31 19:50:00 MESZ,Scraper Logs (OA Play History),1.0
Mr. Fingers,Can You Feel It,Station-Specific,222,13,2026-09-29 11:03:56Z,2026-09-29 13:03:56 MESZ,Scraper Logs (OA Play History),1.0
Mt. Joy,Silver Lining,Station-Specific,115,29,2026-09-28 11:16:16Z,2026-09-28 13:16:16 MESZ,Scraper Logs (OA Play History),1.0
My Chemical Romance,I'm Not Okay (I Promise),Station-Specific,113,23,2026-09-23 17:04:33Z,2026-09-23 19:04:33 MESZ,Scraper Logs (OA Play History),1.0
Mötley Crüe,Dr. Feelgood,Station-Specific,22,12,2026-09-23 15:37:03Z,2026-09-23 17:37:03 MESZ,Scraper Logs (OA Play History),1.0
Mötley Crüe,Kickstart My Heart,Station-Specific,25,10,2026-09-22 16:33:29Z,2026-09-22 18:33:29 MESZ,Scraper Logs (OA Play History),1.0
Neuro-sama,Colorful Array,Station-Specific,50,3,2026-09-03 18:22:32Z,2026-09-03 20:22:32 MESZ,Scraper Logs (OA Play History),1.0
Neuro-sama,LIFE,Station-Specific,33,0,2026-08-27 14:33:19Z,2026-08-27 16:33:19 MESZ,Scraper Logs (OA Play History),1.0
Neuro-sama,NEVER,Station-Specific,35,1,2026-09-09 06:02:11Z,2026-09-09 08:02:11 MESZ,Scraper Logs (OA Play History),1.0
Neuro-sama,Pattern Recognition (feat. ODDEEO),Station-Specific,1,1,2026-09-25 15:23:20Z,2026-09-25 17:23:20 MESZ,Scraper Logs (OA Play History),1.0
NewJeans,Super Shy,Station-Specific,183,30,2026-09-27 20:22:44Z,2026-09-27 22:22:44 MESZ,Scraper Logs (OA Play History),1.0
Oasis,Live Forever,Station-Specific,55,32,2026-09-29 01:46:21Z,2026-09-29 03:46:21 MESZ,Scraper Logs (OA Play History),1.0
Obie Fernandez,Goodbye Love (Obie’s ‘So Long & Thanks For All The Fish’ Mix),Station-Specific,53,23,2026-09-24 10:20:11Z,2026-09-24 12:20:11 MESZ,Scraper Logs (OA Play History),1.0
Of Monsters and Men,Empire,Station-Specific,146,30,2026-09-29 22:41:58Z,2026-09-30 00:41:58 MESZ,Scraper Logs (OA Play History),1.0
Ohio Players,Love Rollercoaster,Station-Specific,63,31,2026-09-28 13:22:46Z,2026-09-28 15:22:46 MESZ,Scraper Logs (OA Play History),1.0
Olivia Newton-John,Xanadu (Live),Station-Specific,11,1,2026-09-01 23:41:59Z,2026-09-02 01:41:59 MESZ,Scraper Logs (OA Play History),1.0
Omar Østli,Venter på en venn,Station-Specific,4,0,2026-08-21 08:42:05Z,2026-08-21 10:42:05 MESZ,Scraper Logs (OA Play History),1.0
OneRepublic,All The Right Moves,Station-Specific,4,0,2026-08-21 08:26:35Z,2026-08-21 10:26:35 MESZ,Scraper Logs (OA Play History),1.0
Ozzy Osbourne,"Mama, I'm Coming Home (Album Version)",Station-Specific,47,19,2026-09-23 19:15:35Z,2026-09-23 21:15:35 MESZ,Scraper Logs (OA Play History),1.0
Panic! At The Disco,High Hopes,Station-Specific,98,24,2026-09-28 15:18:46Z,2026-09-28 17:18:46 MESZ,Scraper Logs (OA Play History),1.0
Parliament,Give Up The Funk (Tear The Roof Off The Sucker),Station-Specific,59,31,2026-09-28 12:17:46Z,2026-09-28 14:17:46 MESZ,Scraper Logs (OA Play History),1.0
Peach Pit,Alrighty Aphrodite,Station-Specific,206,34,2026-09-29 12:43:27Z,2026-09-29 14:43:27 MESZ,Scraper Logs (OA Play History),1.0
Pet Shop Boys,Always on My Mind   (Extended Dance Version; 2018 Remaster),Station-Specific,2,2,2026-09-29 19:40:29Z,2026-09-29 21:40:29 MESZ,Scraper Logs (OA Play History),1.0
Pet Shop Boys,It's a Sin  (2018 Remaster),Station-Specific,12,5,2026-09-27 02:13:01Z,2026-09-27 04:13:01 MESZ,Scraper Logs (OA Play History),1.0
Pet Shop Boys,Se a vida é (that’s the way life is)  (2018 Remaster),Station-Specific,9,9,2026-09-29 00:38:20Z,2026-09-29 02:38:20 MESZ,Scraper Logs (OA Play History),1.0
Pet Shop Boys,What Have I Done to Deserve This? (with Dusty Springfield)  (2018 Remaster),Station-Specific,85,27,2026-09-29 18:26:57Z,2026-09-29 20:26:57 MESZ,Scraper Logs (OA Play History),1.0
Peter Gabriel,Don't Give Up  (2012 Remaster),Station-Specific,130,28,2026-09-29 22:25:28Z,2026-09-30 00:25:28 MESZ,Scraper Logs (OA Play History),1.0
Phil Collins,I Wish It Would Rain Down  (2016 Remaster),Station-Specific,47,29,2026-09-27 23:00:14Z,2026-09-28 01:00:14 MESZ,Scraper Logs (OA Play History),1.0
Pornophonique,Coming Home,Station-Specific,30,13,2026-09-28 00:27:44Z,2026-09-28 02:27:44 MESZ,Scraper Logs (OA Play History),1.0
Pornophonique,Sad Robot,Station-Specific,37,24,2026-09-29 01:26:21Z,2026-09-29 03:26:21 MESZ,Scraper Logs (OA Play History),1.0
Pornophonique,Son Of A Preacher Man,Station-Specific,19,6,2026-09-29 19:37:28Z,2026-09-29 21:37:28 MESZ,Scraper Logs (OA Play History),1.0
Powerwolf,Army of the Night,Station-Specific,72,21,2026-09-24 19:45:41Z,2026-09-24 21:45:41 MESZ,Scraper Logs (OA Play History),1.0
Prince,I Wanna Be Your Lover,Station-Specific,328,42,2026-09-29 21:26:58Z,2026-09-29 23:26:58 MESZ,Scraper Logs (OA Play History),1.0
Queens Of The Stone Age,The Way You Used To Do,Station-Specific,185,28,2026-09-30 00:27:59Z,2026-09-30 02:27:59 MESZ,Scraper Logs (OA Play History),1.0
Quinn XCII,Kings Of Summer (Live from Red Rocks),Station-Specific,116,6,2026-09-24 19:42:13Z,2026-09-24 21:42:13 MESZ,Scraper Logs (OA Play History),1.0
Rammstein,Deutschland,Station-Specific,61,22,2026-09-24 07:38:11Z,2026-09-24 09:38:11 MESZ,Scraper Logs (OA Play History),1.0
Relaxing Piano Crew,At the Living Room Door,Station-Specific,4,1,2026-09-25 10:51:49Z,2026-09-25 12:51:49 MESZ,Scraper Logs (OA Play History),1.0
Relaxing Piano Crew,The Ballad of a Distant Sound,Station-Specific,4,0,2026-08-21 07:56:05Z,2026-08-21 09:56:05 MESZ,Scraper Logs (OA Play History),1.0
Rocket From The Crypt,Born In '69,Station-Specific,81,23,2026-09-23 19:00:34Z,2026-09-23 21:00:34 MESZ,Scraper Logs (OA Play History),1.0
Röyksopp,Eple,Station-Specific,361,35,2026-09-29 10:59:57Z,2026-09-29 12:59:57 MESZ,Scraper Logs (OA Play History),1.0
Röyksopp,What Else Is There?,Station-Specific,92,14,2026-09-29 20:26:27Z,2026-09-29 22:26:27 MESZ,Scraper Logs (OA Play History),1.0
S Club,I Really Miss You,Station-Specific,127,24,2026-09-22 22:33:00Z,2026-09-23 00:33:00 MESZ,Scraper Logs (OA Play History),1.0
Sevish,Plot Hole,Station-Specific,235,25,2026-09-26 03:18:24Z,2026-09-26 05:18:24 MESZ,Scraper Logs (OA Play History),1.0
Shane Smith & the Saints,What a Shame,Station-Specific,106,27,2026-09-26 13:21:57Z,2026-09-26 15:21:57 MESZ,Scraper Logs (OA Play History),1.0
Sigrid,Strangers,Station-Specific,262,29,2026-09-26 00:54:52Z,2026-09-26 02:54:52 MESZ,Scraper Logs (OA Play History),1.0
Sigur Rós,The Rains of Castamere,Station-Specific,82,25,2026-09-27 23:44:14Z,2026-09-28 01:44:14 MESZ,Scraper Logs (OA Play History),1.0
Sleep Token,The Summoning,Station-Specific,76,24,2026-09-23 15:50:33Z,2026-09-23 17:50:33 MESZ,Scraper Logs (OA Play History),1.0
Sly & The Family Stone,Thank You (Falettinme Be Mice Elf Agin) (Single Version),Station-Specific,72,39,2026-09-29 14:02:27Z,2026-09-29 16:02:27 MESZ,Scraper Logs (OA Play History),1.0
Snake16,BACKFISCH,Station-Specific,49,20,2026-09-18 19:49:25Z,2026-09-18 21:49:25 MESZ,Scraper Logs (OA Play History),1.0
Spandau Ballet,Gold (2003 Remaster),Station-Specific,52,5,2026-09-18 22:14:56Z,2026-09-19 00:14:56 MESZ,Scraper Logs (OA Play History),1.0
St. Vincent,Strange Mercy,Station-Specific,309,33,2026-09-30 03:13:02Z,2026-09-30 05:13:02 MESZ,Scraper Logs (OA Play History),1.0
Styx,Mr. Roboto,Station-Specific,107,32,2026-09-29 14:23:57Z,2026-09-29 16:23:57 MESZ,Scraper Logs (OA Play History),1.0
Supertramp,Child Of Vision (Remastered 2026),Station-Specific,41,2,2026-09-28 13:15:16Z,2026-09-28 15:15:16 MESZ,Scraper Logs (OA Play History),1.0
Swan Dive,Butterfly Come Home,Station-Specific,37,13,2026-09-29 20:40:27Z,2026-09-29 22:40:27 MESZ,Scraper Logs (OA Play History),1.0
Swan Dive,Tender Love,Station-Specific,31,9,2026-09-29 07:01:56Z,2026-09-29 09:01:56 MESZ,Scraper Logs (OA Play History),1.0
Swan Dive,Until,Station-Specific,38,17,2026-09-29 06:28:26Z,2026-09-29 08:28:26 MESZ,Scraper Logs (OA Play History),1.0
Swan Dive,You Are My Superstar,Station-Specific,39,16,2026-09-29 14:14:57Z,2026-09-29 16:14:57 MESZ,Scraper Logs (OA Play History),1.0
Switchfoot,Meant to Live (Album Version),Station-Specific,134,6,2026-09-24 19:09:45Z,2026-09-24 21:09:45 MESZ,Scraper Logs (OA Play History),1.0
Talk Talk,It's My Life (Extended Mix),Station-Specific,47,8,2026-09-29 02:53:22Z,2026-09-29 04:53:22 MESZ,Scraper Logs (OA Play History),1.0
Talk Talk,Life's What You Make It  (1997 Remaster),Station-Specific,180,22,2026-09-30 00:55:59Z,2026-09-30 02:55:59 MESZ,Scraper Logs (OA Play History),1.0
Talk Talk,Such a Shame  (1997 Remaster),Station-Specific,122,3,2026-09-25 08:28:49Z,2026-09-25 10:28:49 MESZ,Scraper Logs (OA Play History),1.0
Talking Heads,Genius of Love (Tom Tom Club) (Live),Station-Specific,47,8,2026-09-28 17:16:16Z,2026-09-28 19:16:16 MESZ,Scraper Logs (OA Play History),1.0
Talking Heads,Road to Nowhere (2003 Remaster),Station-Specific,25,25,2026-09-29 17:43:57Z,2026-09-29 19:43:57 MESZ,Scraper Logs (OA Play History),1.0
Team Scheisse,Karstadtdetektiv,Station-Specific,71,20,2026-09-28 15:07:46Z,2026-09-28 17:07:46 MESZ,Scraper Logs (OA Play History),1.0
Team Scheisse,Rein ins Loch,Station-Specific,29,2,2026-09-08 03:10:34Z,2026-09-08 05:10:34 MESZ,Scraper Logs (OA Play History),1.0
Tears For Fears,Pale Shelter (2nd Single Version),Station-Specific,51,32,2026-09-29 16:40:57Z,2026-09-29 18:40:57 MESZ,Scraper Logs (OA Play History),1.0
Tenacious D,Tribute,Station-Specific,29,24,2026-09-28 02:24:14Z,2026-09-28 04:24:14 MESZ,Scraper Logs (OA Play History),1.0
The Avett Brothers,Ain't No Man,Station-Specific,150,27,2026-09-27 11:50:41Z,2026-09-27 13:50:41 MESZ,Scraper Logs (OA Play History),1.0
The Cars,Drive  (2016 Remaster),Station-Specific,171,34,2026-09-30 03:30:32Z,2026-09-30 05:30:32 MESZ,Scraper Logs (OA Play History),1.0
The Commodores,Nightshift,Station-Specific,83,37,2026-09-29 18:31:58Z,2026-09-29 20:31:58 MESZ,Scraper Logs (OA Play History),1.0
The Constellation,Dreams of Digital Sheep,Station-Specific,61,1,2026-09-25 19:38:20Z,2026-09-25 21:38:20 MESZ,Scraper Logs (OA Play History),1.0
The Constellation,Follow The Thread,Station-Specific,122,8,2026-09-29 14:18:27Z,2026-09-29 16:18:27 MESZ,Scraper Logs (OA Play History),1.0
The Constellation,Midnight Burger Run (Radio Edit),Station-Specific,36,1,2026-09-26 03:30:55Z,2026-09-26 05:30:55 MESZ,Scraper Logs (OA Play History),1.0
The Constellation,Midnight's Velvet Dark,Station-Specific,101,2,2026-09-26 06:43:56Z,2026-09-26 08:43:56 MESZ,Scraper Logs (OA Play History),1.0
The Constellation,Purple Spiral Rocket Love (9.88 percent and rising),Station-Specific,3,2,2026-09-29 01:50:21Z,2026-09-29 03:50:21 MESZ,Scraper Logs (OA Play History),1.0
The Constellation,The Reaching,Station-Specific,9,1,2026-09-25 13:23:49Z,2026-09-25 15:23:49 MESZ,Scraper Logs (OA Play History),1.0
The Constellation,The Space Between Tokens,Station-Specific,98,8,2026-09-28 07:50:46Z,2026-09-28 09:50:46 MESZ,Scraper Logs (OA Play History),1.0
The Constellation,You Decide,Station-Specific,60,1,2026-09-26 08:02:56Z,2026-09-26 10:02:56 MESZ,Scraper Logs (OA Play History),1.0
The Cure,Lovesong  (2010 Remaster),Station-Specific,215,9,2026-09-29 15:38:27Z,2026-09-29 17:38:27 MESZ,Scraper Logs (OA Play History),1.0
The Flatliners,Performative Hours,Station-Specific,122,27,2026-09-28 16:33:16Z,2026-09-28 18:33:16 MESZ,Scraper Logs (OA Play History),1.0
The Get Up Kids,Action & Action,Station-Specific,110,30,2026-09-29 14:49:27Z,2026-09-29 16:49:27 MESZ,Scraper Logs (OA Play History),1.0
The Lumineers,Ho Hey,Station-Specific,181,24,2026-09-25 22:54:20Z,2026-09-26 00:54:20 MESZ,Scraper Logs (OA Play History),1.0
The Marías,Real Life,Station-Specific,29,2,2026-09-02 01:08:22Z,2026-09-02 03:08:22 MESZ,Scraper Logs (OA Play History),1.0
The Meters,Cissy Strut (LP Version),Station-Specific,72,38,2026-09-28 21:41:47Z,2026-09-28 23:41:47 MESZ,Scraper Logs (OA Play History),1.0
The Pointer Sisters,"I'm So Excited (12"" Remix)",Station-Specific,53,30,2026-09-26 23:13:58Z,2026-09-27 01:13:58 MESZ,Scraper Logs (OA Play History),1.0
The Streets,Let's Push Things Forward (Album Version),Station-Specific,292,34,2026-09-30 00:51:59Z,2026-09-30 02:51:59 MESZ,Scraper Logs (OA Play History),1.0
The Whispers,And The Beat Goes On,Station-Specific,18,18,2026-09-29 18:13:27Z,2026-09-29 20:13:27 MESZ,Scraper Logs (OA Play History),1.0
The xx,VCR,Station-Specific,412,31,2026-09-29 15:45:27Z,2026-09-29 17:45:27 MESZ,Scraper Logs (OA Play History),1.0
Third Eye Blind,Motorcycle Drive By,Station-Specific,156,31,2026-09-29 09:22:56Z,2026-09-29 11:22:56 MESZ,Scraper Logs (OA Play History),1.0
Tiger Army,Never Die,Station-Specific,107,22,2026-09-26 22:27:28Z,2026-09-27 00:27:28 MESZ,Scraper Logs (OA Play History),1.0
Tom Konkle,Alone Again (Naturally),Station-Specific,16,3,2026-09-29 19:51:27Z,2026-09-29 21:51:27 MESZ,Scraper Logs (OA Play History),1.0
Tom Konkle,Capital of Gold and Glass,Station-Specific,6,6,2026-09-29 08:36:56Z,2026-09-29 10:36:56 MESZ,Scraper Logs (OA Play History),1.0
Tom Konkle,Everybody's Doing It,Station-Specific,21,0,2026-08-01 14:05:01Z,2026-08-01 16:05:01 MESZ,Scraper Logs (OA Play History),1.0
Tom Konkle,Fail Upward For A Change,Station-Specific,19,1,2026-09-25 21:13:19Z,2026-09-25 23:13:19 MESZ,Scraper Logs (OA Play History),1.0
Tom Konkle,Honeymoon Phase (Grudgy Pajamas Version),Station-Specific,14,0,2026-08-21 07:02:35Z,2026-08-21 09:02:35 MESZ,Scraper Logs (OA Play History),1.0
Tom Konkle,Just a Regular Day (Trippy Mix),Station-Specific,40,4,2026-09-29 11:27:57Z,2026-09-29 13:27:57 MESZ,Scraper Logs (OA Play History),1.0
Tom Konkle,Life Without The Living,Station-Specific,41,2,2026-09-26 09:26:57Z,2026-09-26 11:26:57 MESZ,Scraper Logs (OA Play History),1.0
Tom Konkle,Light Bulb In My Head,Station-Specific,57,3,2026-09-17 18:05:44Z,2026-09-17 20:05:44 MESZ,Scraper Logs (OA Play History),1.0
Tom Konkle,Name On A Screen,Station-Specific,112,20,2026-09-27 19:33:17Z,2026-09-27 21:33:17 MESZ,Scraper Logs (OA Play History),1.0
Tom Konkle,One Last Time,Station-Specific,24,2,2026-09-07 01:45:28Z,2026-09-07 03:45:28 MESZ,Scraper Logs (OA Play History),1.0
Tom Konkle,Quiet Desires (Anthem Mix),Station-Specific,76,2,2026-09-27 04:03:03Z,2026-09-27 06:03:03 MESZ,Scraper Logs (OA Play History),1.0
Tom Konkle,The Moment She Became Beautiful (Truth Died),Station-Specific,20,1,2026-09-22 06:06:59Z,2026-09-22 08:06:59 MESZ,Scraper Logs (OA Play History),1.0
Tom Konkle,The Sun Ain't Gonna Shine Anymore (Synthpop Cover),Station-Specific,42,4,2026-09-29 19:11:58Z,2026-09-29 21:11:58 MESZ,Scraper Logs (OA Play History),1.0
TV Girl,Hate Yourself,Station-Specific,19,0,2026-08-28 08:59:54Z,2026-08-28 10:59:54 MESZ,Scraper Logs (OA Play History),1.0
TV Girl,It Almost Worked,Station-Specific,16,0,2026-08-30 10:49:13Z,2026-08-30 12:49:13 MESZ,Scraper Logs (OA Play History),1.0
TV Girl,Lines to a Different Play,Station-Specific,23,8,2026-09-21 13:00:47Z,2026-09-21 15:00:47 MESZ,Scraper Logs (OA Play History),1.0
TV Girl,Lovers Rock,Station-Specific,134,8,2026-09-26 08:06:56Z,2026-09-26 10:06:56 MESZ,Scraper Logs (OA Play History),1.0
TV Girl,Loving Machine,Station-Specific,50,12,2026-09-28 07:16:16Z,2026-09-28 09:16:16 MESZ,Scraper Logs (OA Play History),1.0
TV Girl,Not Allowed,Station-Specific,17,1,2026-09-05 00:06:42Z,2026-09-05 02:06:42 MESZ,Scraper Logs (OA Play History),1.0
TV On The Radio,Wolf Like Me,Station-Specific,271,29,2026-09-28 21:02:17Z,2026-09-28 23:02:17 MESZ,Scraper Logs (OA Play History),1.0
Underworld,Sola Sistim,Station-Specific,134,35,2026-09-29 02:31:51Z,2026-09-29 04:31:51 MESZ,Scraper Logs (OA Play History),1.0
Van Halen,Jump  (2015 Remaster),Station-Specific,124,8,2026-09-30 00:43:29Z,2026-09-30 02:43:29 MESZ,Scraper Logs (OA Play History),1.0
Vanilla Ice,Ice Ice Baby,Station-Specific,2,2,2026-09-29 19:32:29Z,2026-09-29 21:32:29 MESZ,Scraper Logs (OA Play History),1.0
Vulfpeck,Dean Town,Station-Specific,81,40,2026-09-29 20:01:57Z,2026-09-29 22:01:57 MESZ,Scraper Logs (OA Play History),1.0
Young the Giant,My Body,Station-Specific,51,5,2026-09-29 20:11:27Z,2026-09-29 22:11:27 MESZ,Scraper Logs (OA Play History),1.0
Young the Giant,Superposition,Station-Specific,221,30,2026-09-28 19:38:48Z,2026-09-28 21:38:48 MESZ,Scraper Logs (OA Play History),1.0
Zapp,More Bounce to the Ounce (LP Version),Station-Specific,70,33,2026-09-29 20:05:27Z,2026-09-29 22:05:27 MESZ,Scraper Logs (OA Play History),1.0
Zara Larsson,Midnight Sun,Station-Specific,5,2,2026-09-01 23:26:23Z,2026-09-02 01:26:23 MESZ,Scraper Logs (OA Play History),1.0
Zeal & Ardor,Devil Is Fine,Station-Specific,116,23,2026-09-28 21:14:47Z,2026-09-28 23:14:47 MESZ,Scraper Logs (OA Play History),1.0
Zeal & Ardor,Götterdämmerung,Station-Specific,34,2,2026-09-23 18:20:04Z,2026-09-23 20:20:04 MESZ,Scraper Logs (OA Play History),1.0
Zeynep Bastık,Her Yerde Sen (Akustik),Station-Specific,107,9,2026-09-29 06:38:26Z,2026-09-29 08:38:26 MESZ,Scraper Logs (OA Play History),1.0
